feature,p_value,cohens_d,d_ci_lo,d_ci_hi,mean_human,mean_ai,p_fdr,sig_fdr
dep_rel_root,1.3220833103514424e-36,-0.33163920176111783,-0.3895151405128459,-0.27254652840794175,0.04897931381268048,0.05266732730918596,9.122374841424953e-35,True
lexical_density,7.521059849730362e-36,-0.32889423269678814,-0.3865601266785338,-0.27173825937585333,0.5662419017103648,0.5756248728668047,2.5947656481569746e-34,True
avg_sentence_length,1.8699551212921997e-33,0.3213232864342778,0.25716029606240265,0.3829509174515479,21.48849357218295,19.940290294125667,4.3008967789720593e-32,True
dep_distance_mean,3.199121798841227e-31,-0.3296351835740318,-0.3873318827703932,-0.27093376955795306,2.9049879970777206,2.96686051858718,5.5184851030011166e-30,True
pos_ADV,2.2551096697021522e-30,-0.28704161833686,-0.34723831324163906,-0.22639634869427613,0.1361921487113674,0.14410411835574338,3.1120513441889697e-29,True
L_TTR,6.082230107406051e-30,-0.29240413508753116,-0.3565997032991266,-0.23024862256455292,0.6492088951708521,0.6604819987317295,6.994564623516959e-29,True
L_Log_TTR,1.8970331782586197e-27,-0.26867224329266437,-0.336190883576919,-0.20483736420717685,0.9274809679480572,0.9301698235317586,1.8699327042834965e-26,True
pos_AUX,3.362435542031288e-25,0.2735194053703904,0.21275232868051733,0.33500121262200777,0.019334203820875147,0.017085354887717886,2.900100655001986e-24,True
dep_rel_cop,1.2193577224949886e-24,0.2708296769202037,0.20914811019620377,0.3330116229815418,0.017091772252834283,0.015032080358521625,9.348409205794913e-24,True
n_tokens,3.656613441799592e-18,0.2464695569163783,0.18985655981391927,0.3045332389910639,399.4924357034796,389.99791981845686,2.5230632748417182e-17,True
L_MTLD,6.4870684119144654e-18,-0.23149663809113918,-0.29062468692506926,-0.16922059729229894,208.4936716244123,220.65156182842122,4.069161094746347e-17,True
n_sentences,6.367770984507517e-14,-0.197042685215223,-0.2565743256325747,-0.13908239220457383,19.58093797276853,20.50964447806354,3.661468316091823e-13,True
dep_rel_det,3.9796983488829367e-13,0.16864826975754366,0.10736955457659338,0.2309051332365484,0.15522439567567592,0.1503512569697998,2.112301431330174e-12,True
dep_rel_nmod,3.374041194303388e-12,0.17616587805635314,0.11670261912026267,0.237815285812318,0.026276332687146416,0.024349587477259692,1.6629203029066697e-11,True
pos_DET,6.763955881207863e-12,0.1601466579066726,0.0981747988415252,0.22344665024198768,0.14881320013623633,0.1442565988084222,3.111419705355617e-11,True
case_Gen,3.272894796002837e-11,0.16928690104855773,0.1088508353559196,0.22958282062664437,0.24348136413235513,0.23443158480319148,1.4114358807762234e-10,True
pos_NUM,8.243102202724194e-11,0.1725758541190721,0.11383839564817591,0.2365011057372798,0.012704215030582439,0.01104498922683928,3.3457297175762905e-10,True
gender_Masc,3.4109937155507374e-09,0.15446658474965508,0.09362577171710322,0.2122274531935096,0.5654847113998444,0.5544724515820979,1.3075475909611161e-08,True
pos_SCONJ,3.6659695048331296e-09,-0.1564542254828552,-0.2167557403956412,-0.09395511620572776,0.023701610081196273,0.025204122494706244,1.3313257675446628e-08,True
dep_rel_mark,2.71950801837537e-08,-0.15006154384382503,-0.21026913097688202,-0.08906004514461802,0.02687036138774364,0.028405131672709975,9.382302663395025e-08,True
gender_Neut,8.434372859257267e-08,-0.12442237015722973,-0.18261551302090206,-0.0643611069071819,0.20124448578906326,0.20844710108492454,2.7712939394702446e-07,True
dep_rel_acl,4.484389216814915e-07,0.1453247463172947,0.0858024757219703,0.20724494516854433,0.013497021401706366,0.012562694495800013,1.4064675270919508e-06,True
dep_rel_obl,5.260806786695491e-07,0.13872741361894972,0.07686945771099159,0.19928977920440577,0.09262976839846358,0.09053691851131455,1.5782420360086474e-06,True
case_Acc,5.918308244109783e-06,-0.11713563785496928,-0.17965834246136128,-0.056658976863550196,0.4028105023166456,0.41024351403948944,1.7015136201815626e-05,True
dep_rel_advmod,0.00020554086151943103,-0.09767823005030005,-0.1604934338239163,-0.03524812851702555,0.08215477974266495,0.0842360230043561,0.0005672927777936297,True
pos_PRON,0.0002346657531383077,0.08342470766618175,0.02344768417772126,0.14560808710490286,0.1105717015670506,0.10832485979517555,0.0006227668064055088,True
avg_word_length,0.0007168621665186256,-0.07651672755192938,-0.14123964843350853,-0.012797075538057817,5.21194237676336,5.227533978326824,0.0018319810922142652,True
case_Voc,0.0013089433579343834,0.0689107865027563,0.007093424658932954,0.13415560039376628,0.012400361172817589,0.011531879910285798,0.0032256104177668735,True
case_entropy,0.0014076473632482459,0.07370859679161808,0.011185261550610448,0.1403001110152224,1.9199171549539342,1.9126192207755786,0.0032375889354709655,True
case_Nom,0.001383453472800679,-0.07590819889279873,-0.1363782173171883,-0.015223492427773844,0.19782992512722472,0.20212941767366974,0.0032375889354709655,True
dep_rel_conj,0.0015587115118491145,0.08032077512199233,0.02014393271436482,0.14021577642130237,0.0616883591362713,0.06032810162838976,0.0034693901392770614,True
n_types,0.0018709217926594906,0.08149170942541423,0.02006691600349562,0.14241321242525842,258.97957639939483,256.97409228441757,0.004034175115422026,True
L_Root_TTR,0.004826481198550937,-0.06888413351578478,-0.1336630756491559,-0.004431460539664823,12.953219284856706,13.009012604404498,0.010091733415151958,True
dep_rel_appos,0.007408163578878269,0.06394212764897798,0.0035762168164493254,0.12741874068415762,0.002332251224745096,0.002131726260603915,0.015034214321841191,True
mood_Opt,0.008107443540725104,-0.07659361910569883,-0.13776999437291526,-0.01514264352313444,0.024676623973517862,0.02715423468232019,0.01598324583742949,True
gender_Fem,0.012893949984680717,-0.05770914272347786,-0.1178288559951657,-0.00021177089272730228,0.22568412485415165,0.22982332915886242,0.024713404137304707,True
pos_ADJ,0.035157746928221933,-0.0539477926232759,-0.11410490146773922,0.005732620746371874,0.07939816055604486,0.08044310685665707,0.0655644469742517,False
mood_entropy,0.03754635337081892,-0.058029890593821985,-0.1198727187181357,0.0013087547952476755,0.7613226943250511,0.7781100915593028,0.06817627322596068,False
aspect_Imp,0.07458022320837754,-0.046824584834710956,-0.10879719931920181,0.015390859300992914,0.13283968314390524,0.13742258425720943,0.12865088503445124,False
aspect_Perf,0.07458022320837754,0.04682458483471294,-0.0153908593009935,0.10879719931920093,0.8671603168560947,0.8625774157427903,0.12865088503445124,False
case_Dat,0.09513288990212071,0.04687574602637806,-0.012480521231135584,0.10769364518434654,0.14347784725095664,0.14166360357336347,0.1601016927621056,False
mood_Ind,0.10834221684474157,0.04393113645632996,-0.01632770542329775,0.10406886854715446,0.835738790740228,0.8320600600999588,0.17799078481636116,False
tense_Fut,0.14982237045063584,-0.040110335889260426,-0.09516495188782076,0.018373880985435978,0.04534298944562376,0.0466428418201578,0.24041264095567147,False
pos_VERB,0.17442318819996994,-0.035183696915294424,-0.09567349822644326,0.02510492286214605,0.20391451542634934,0.20480200975366222,0.2735272724044983,False
dep_rel_obj,0.18203634686567527,-0.035493010932413936,-0.0960196116004565,0.02535792607020815,0.09145726318516288,0.09209007632116421,0.27912239852736875,False
hapax_legomena,0.22621752454254973,-0.029326014780474315,-0.09479360279507003,0.0344961334748653,202.08320726172465,202.8086232980333,0.3393262868138246,False
pos_PROPN,0.23358335924473883,0.030657724122588915,-0.030209645601358193,0.09225038631136197,0.0007675756423291413,0.0007166452983765672,0.34292025080610594,False
noun_verb_ratio,0.2397694127201183,0.027487356109795462,-0.0322444610288088,0.08865903670824896,0.7447695432454347,0.738092769960327,0.34466853078517007,False
dep_distance_std,0.2858453054288571,0.031216783608084258,-0.02862307570520328,0.09175549857476324,3.1751136176584316,3.1599024794592627,0.40251685866512527,False
dep_rel_fixed,0.2986638869733379,0.0306972268511602,-0.02797484636762597,0.0937364505758816,0.0005227890994177925,0.00048425335780265667,0.4121561640232063,False
mood_Sub,0.3161280168250664,-0.02749431707210746,-0.08768622824688276,0.03349362113636318,0.10284667535187084,0.10469028250024426,0.4277026109986193,False
dep_rel_xcomp,0.3609786801103997,-0.024625090718840198,-0.08602987411009892,0.0364284784388911,0.02931994266283507,0.029575384085501664,0.47899094091572264,False
dep_rel_parataxis,0.39008171545170156,0.0249375405966956,-0.03603253280720341,0.08497211813618025,0.0011290443253309278,0.001084719285808666,0.5078422333239134,False
dep_rel_amod,0.4139084641056049,-0.02167840597726777,-0.08178648541428828,0.03698767845212537,0.02079544231169758,0.02100218941064287,0.5288830374682729,False
pos_ADP,0.42965532935194917,0.020656100805580415,-0.040881876252962995,0.07986747269672403,0.05342009467088859,0.0531471186250425,0.5303676331245023,False
dep_rel_aux,0.43044329644887147,0.02366193120523007,-0.03614930330295784,0.08668921721480465,0.00023955358781213324,0.00022109182443622868,0.5303676331245023,False
tense_Pres,0.4628898733961623,0.017907300278831504,-0.04081541869758798,0.07743482544796247,0.4878030283177538,0.4857590154459076,0.5603403730585123,False
dep_rel_flat,0.4764825921308984,-0.021740631508639353,-0.03438674023091594,0.0,0.0,9.602392046520803e-07,0.566849980293655,False
dep_rel_case,0.4872712758816139,0.01815896850160913,-0.04348252985240842,0.07762944111450198,0.05333115342308956,0.053091535720149706,0.5698596277259552,False
pos_NOUN,0.5017891566439616,0.015293742691306412,-0.04557645793336066,0.0756323669290979,0.14673707701660318,0.14627563790074197,0.5770575301405558,False
dep_rel_advcl,0.5345557884371869,0.017153273466778054,-0.042792192634457354,0.07713038615508079,0.06901677317456549,0.06875239730307885,0.6046614656092769,False
mood_Imp,0.5475593086479669,0.016020942414116918,-0.04365647826404102,0.07716841394427691,0.03673790993438318,0.03609542271747681,0.6093805209146728,False
dep_rel_cc,0.5719329390116714,-0.014917828399653827,-0.07601742314329246,0.04518815937402911,0.06173858559380985,0.0619820770814836,0.6264027427270688,False
pos_CCONJ,0.6733488818393831,-0.011203950772605567,-0.07199010809018151,0.0497959589519801,0.060225078976275784,0.06040539296804611,0.7259542632330849,False
pos_INTJ,0.7291244915080741,0.007421195514738671,-0.053575996484703965,0.07162266158438088,0.004220418364200892,0.0041900450288685906,0.7739936909854941,False
dep_rel_ccomp,0.7948713146924985,-0.007238895360212705,-0.06606481540977796,0.05324827455124223,0.017221724777330666,0.01728127519842564,0.8185988166236179,False
dep_rel_nsubj,0.7925804883020705,-0.006763470222639868,-0.06528044666333707,0.05513981591034851,0.05718211113887576,0.05728384587146438,0.8185988166236179,False
tense_Past,0.8498219649805255,-0.004591619345712838,-0.06306438828947597,0.052908854081585174,0.46394506176032557,0.46448628371624123,0.8623193468184744,False
text_entropy,0.9954015824070909,0.00014626078668389435,-0.06133254165771589,0.06309946613975938,7.590169165962393,7.5901460554954,0.9954015824070909,False
pos_PART,,0.0,0.0,0.0,0.0,0.0,,False
pos_PUNCT,,0.0,0.0,0.0,0.0,0.0,,False
pos_X,,0.0,0.0,0.0,0.0,0.0,,False
aspect_Aor,,0.0,0.0,0.0,0.0,0.0,,False
dep_rel_iobj,,0.0,0.0,0.0,0.0,0.0,,False
dep_rel_punct,,0.0,0.0,0.0,0.0,0.0,,False
