y,y_prob
0,0.42315270500890584
0,0.3520045302270476
0,0.5985160628437929
0,0.4037966583081311
0,0.42493491376193754
0,0.5139120369058479
0,0.2116902165865177
0,0.6665177289187175
0,0.7444083457333364
0,0.29463430850926026
0,0.3719676540718273
0,0.604148840752886
0,0.6734110768178759
0,0.4785220636362537
0,0.6327681608969197
0,0.6445304290868783
0,0.1596438334690108
0,0.11528543659900613
0,0.5872739681309916
0,0.31067006904299016
0,0.65621292193396
0,0.41082966687036154
0,0.38231581553024024
0,0.47899580415310594
0,0.1904451749299889
0,0.3201721419173573
0,0.35769096715279397
0,0.3395291331361116
0,0.7826034572133085
0,0.48147219800207963
0,0.575056096780676
0,0.6227019373043619
0,0.2846566556891855
0,0.2622441728837416
0,0.07971537372762519
0,0.8336755834561971
0,0.5149999265448169
0,0.45678401955673353
0,0.46187075855472115
0,0.6067229381997595
0,0.7163153320700487
0,0.25006420343600805
0,0.7736057652400221
0,0.7011107854442109
0,0.3756239632288416
0,0.5553363918181738
0,0.7226735440637184
0,0.3059107569469261
0,0.5033153926162813
0,0.1921063002893532
0,0.5318496807713129
0,0.2812609701017809
0,0.43992355374865655
0,0.3117355341371776
0,0.3369763517631286
0,0.3521413793804246
0,0.23843266893680778
0,0.7213204053562478
0,0.4943313945007458
0,0.7288256572890551
0,0.4793093278239274
0,0.4409042209237049
0,0.4850500659920518
0,0.4194995363060367
0,0.485555467882826
0,0.572587339021523
0,0.3855600238565764
0,0.7338816029247407
0,0.8890366256135924
0,0.3616823582241754
0,0.7145694995832806
0,0.47332139969544007
0,0.4190242725377569
0,0.511555659599337
0,0.480163724514277
0,0.36612857464723986
0,0.36448734763676843
0,0.5830866981626485
0,0.2487431783985636
0,0.609023523068592
0,0.2649844028128928
0,0.40531074974518605
0,0.4104897823807955
0,0.611407543703457
0,0.2794182354358288
0,0.27030770392959735
0,0.3236413751970038
0,0.2744023269142818
0,0.6068334726679063
0,0.5873119694054285
0,0.5387525024584972
0,0.23149123910831626
0,0.7091450549897895
0,0.39913838152768244
0,0.6723985072525169
0,0.4376061330848509
0,0.3433216900442192
0,0.5267092984361293
0,0.2722314253458537
0,0.6344766225906107
0,0.8188035653820888
0,0.7460934630241188
0,0.5559760545202114
0,0.3565621894728003
0,0.4670479286924296
0,0.913234058501365
0,0.7044346559914602
0,0.12147836010180246
0,0.6674294108959784
0,0.6581367819414266
0,0.8167621583934759
0,0.5222985240831204
0,0.8156448479114031
0,0.6232869641880652
0,0.2676542141825479
0,0.6629093734002027
0,0.5842074789158818
0,0.5607203160334707
0,0.5415749443202863
0,0.4600292742916225
0,0.20106074396516596
0,0.7444211979793754
0,0.2509564942838182
0,0.6045530473009726
0,0.5221926940632088
0,0.17409585141270822
0,0.26917356619049476
0,0.5957939306632601
0,0.8486878161681779
0,0.6544104998116188
0,0.8187407926603847
0,0.5226795374033631
0,0.8263821465806643
0,0.9003079444867141
0,0.6237930312521281
0,0.8335992613490742
0,0.84147833022393
0,0.8965608240838623
0,0.7376241052631505
0,0.37616868028507955
0,0.8714093980895825
0,0.5034638990323994
0,0.3284162541808151
0,0.5806770815231324
0,0.23159938439161853
0,0.6280460584107175
0,0.3921134879252479
0,0.6805151347738276
0,0.6490539203236951
0,0.370824133126216
0,0.2040156736515581
0,0.5655619953537703
0,0.4673806540559369
0,0.37555592958060574
0,0.6507758269603643
0,0.3498309371747786
0,0.8376200713065757
0,0.37166478715794193
0,0.5288686698323626
0,0.3809048330981954
0,0.7229656182625687
0,0.647770967366668
0,0.5717101490937381
0,0.5774484136708369
0,0.7443903334663274
0,0.6221442499571191
0,0.6577207454379834
0,0.3189050986739397
0,0.4729042212149768
0,0.6303292058883634
0,0.5466071749985669
0,0.3493108432273288
0,0.5219798651316925
0,0.68483806064265
0,0.5238406237015153
0,0.3064227673674074
0,0.41840389675142003
0,0.642458161933956
0,0.8668320539394563
0,0.6035104600293834
0,0.7248484558312523
0,0.4917472494698642
0,0.713481173405942
0,0.7235262405112804
0,0.2520568610719474
0,0.27987824237891945
0,0.44782998439113475
0,0.864685784608649
0,0.6894069625713334
0,0.6273689767909482
0,0.5929210953700943
0,0.9327235404715055
0,0.4378849895131888
0,0.8230279453237355
0,0.6635897513485077
0,0.9187465721200664
0,0.4557938717067308
0,0.6436980788960194
0,0.1479516904575597
0,0.20674923952364258
0,0.046489248946671224
0,0.2982799532658716
0,0.13533860637656736
0,0.4990163668981636
0,0.307467756147561
0,0.3988263879659094
0,0.48242007780503365
0,0.10697659922421796
0,0.23196247666899988
0,0.4118747758740687
0,0.1243398847475431
0,0.07846673424817277
0,0.1123706075953391
0,0.10630757492272833
0,0.28716992343419884
0,0.7607368005862248
0,0.17420308351819488
0,0.10484656778837091
0,0.18423963825276984
0,0.1824158050018346
0,0.06002036275697108
0,0.19546920035443457
0,0.2764776606575986
0,0.18612457729963075
0,0.19543513868674797
0,0.6197168006748818
0,0.5373569250828234
0,0.23040438059766366
0,0.2695696395955975
0,0.2972257204575747
0,0.2923719860208248
0,0.31426071525606686
0,0.3395884889015512
0,0.21504566108734438
0,0.08084626318793713
0,0.06670449982474581
0,0.39954198647353323
0,0.10228848193127833
0,0.7743390054465442
0,0.524075921616784
0,0.07622629382931839
0,0.6631903128892268
0,0.7218025151842676
0,0.6715934246198341
0,0.1668283312608858
0,0.14359201821845338
0,0.11126407816602829
0,0.4854351192066848
0,0.5264948961963051
0,0.4572646767825715
0,0.4026309987329641
0,0.31804531379865464
0,0.38347204985076233
0,0.25099854006851924
0,0.2232788801824425
0,0.4877315449758079
0,0.20100659429374
0,0.23532185238867276
0,0.7291887642346391
0,0.23217119252923588
0,0.4783610606761738
0,0.43458457556747954
0,0.6068802473655185
0,0.6076675359237088
0,0.22185009753036414
0,0.035732505673599785
0,0.5779872741736037
0,0.35347485068115647
0,0.15523508110986123
0,0.5678283293749651
0,0.3681119194473235
0,0.45860228003265124
0,0.6066199609282158
0,0.25644133752049436
0,0.13315860121636033
0,0.17298029891999742
0,0.0938682876487824
0,0.2217174117495885
0,0.12333244458953176
0,0.21978032388085392
0,0.24440030442568889
0,0.001772585509228032
0,0.19373817586216113
0,0.5353084193789859
0,0.3846429462534619
0,0.1304651547608617
0,0.4214118772723612
0,0.467502511224369
0,0.06270984551443902
0,0.22263098926071015
0,0.448139443569793
0,0.23531537178165396
0,0.22055223834486473
0,0.16337933264911958
0,0.09512980580453073
0,0.02506208654892794
0,0.8033819094249492
0,0.09285048214594058
0,0.2928193148743912
0,0.35418265433377905
0,0.039111191896649675
0,0.4968013432673686
0,0.5677728867071272
0,0.4748405035392403
0,0.2560600620645867
0,0.3052010158352809
0,0.32337455523389225
0,0.519979856407398
0,0.07871032509350281
0,0.1862656635916603
0,0.2688351860671164
0,0.6598481362769162
0,0.506132577573321
0,0.6699003522216019
0,0.3976820321972252
0,0.1128776008940508
0,0.3336172490690213
0,0.2944356770948551
0,0.36241236855487874
0,0.49759609448943376
0,0.4844256326057493
0,0.07151034915313427
0,0.1519992725036513
0,0.2644689247351922
0,0.5356059669591283
0,0.37459593460430135
0,0.5239954970853807
0,0.4461095356038455
0,0.42289091150847435
0,0.7422996074966206
0,0.39976036384778246
0,0.30937563765896237
0,0.5672195343084462
0,0.41119984713456265
0,0.40461993860228945
0,0.6221211085173204
0,0.5884272718734241
0,0.8058671059449646
0,0.312443962590967
0,0.28541578187448935
0,0.6353307413492799
0,0.7497835854541572
0,0.40781974512895125
0,0.7576768135809365
0,0.05940723284462581
0,0.7186316852176732
0,0.349615488469491
0,0.5751587957808703
0,0.4961733119443737
0,0.17159720824101538
0,0.35673417428339466
0,0.23995891164720484
0,0.3429811861525309
0,0.2037692963712803
0,0.165180997952259
0,0.4458107352251294
0,0.40437817186582903
0,0.4315700819873214
0,0.31605303762365755
0,0.26742022806068894
0,0.3553258404732608
0,0.12626243058251405
0,0.6354466249853529
0,0.8296604672622037
0,0.3134933741777526
0,0.7515233095232368
0,0.5220188508807456
0,0.22292084152041447
0,0.4843143265858626
0,0.6457684834809723
0,0.24664155739171478
0,0.40435525754751256
0,0.7252315561397423
0,0.5921429977843577
0,0.41965247901855934
0,0.6313785034878819
0,0.2996276609553606
0,0.5802571705417812
0,0.5002720619711998
0,0.5381714530525412
0,0.31411234360145446
0,0.5080247741218223
0,0.6153262835454963
0,0.4274449785485987
0,0.7631883862642084
0,0.19935330514761782
0,0.34929894565406416
0,0.46806065765173044
0,0.49847482021916395
0,0.5002933481797754
0,0.36986758496636163
0,0.8841741210466936
0,0.5066718971865737
0,0.16062129585234722
0,0.2121857848692148
0,0.5045783084567345
0,0.16908458408014815
0,0.12734405129764215
0,0.21694298893653102
0,0.3860501527220012
0,0.7213825175713947
0,0.20131748608501945
0,0.5751133095339737
0,0.8153506788060444
0,0.5564981487882206
0,0.6081834942714394
0,0.498208726822785
0,0.43351800660577583
0,0.0583032098841881
0,0.10603202923559095
0,0.16217911561360288
0,0.17154825179272498
0,0.42919666228347714
0,0.1818773050611489
0,0.5303453169437039
0,0.1638183605834155
0,0.1878385795139106
0,0.19511473695653278
0,0.3345105631068346
0,0.08659544930298545
0,0.20431497180419192
0,0.014545889470054953
0,0.09075387654698613
0,0.37076951629169047
0,0.25741643409241255
0,0.35815337289502963
0,0.34446460713415944
0,0.09840391785009464
0,0.09707678992786184
0,0.16386134528069735
0,0.7237481194076393
0,0.2135239073555446
0,0.14384164749896236
0,0.37745743852702013
0,0.5651045042641389
0,0.16301190029896526
0,0.18233691043182787
0,0.3222713436038699
0,0.41954084832900457
0,0.3988165783164062
0,0.4453748596674156
0,0.06835360016244868
0,0.7689798728517457
0,0.25538459734487173
0,0.5467947919916905
0,0.1957008943445789
0,0.46057829673610495
0,0.14867422467412725
0,0.2602747153121606
0,0.4911908253506427
0,0.40240336521360537
0,0.4140848463345153
0,0.47541072469000584
0,0.3257126130435342
0,0.1305467185704907
0,0.40630460351367065
0,0.11284222023750805
0,0.5966091641326784
0,0.2688166232421506
0,0.5416993119219059
0,0.6483275755193261
0,0.39344264075096474
0,0.3196966163962952
0,0.11330677251924819
0,0.09061787276401524
0,0.26591447856742956
0,0.691006338859128
0,0.272728166067183
0,0.24116388517208961
0,0.17439120477738457
0,0.3425386010925128
0,0.10753921449845368
0,0.3697392548728943
0,0.3109121663061021
0,0.23950944567746088
0,0.04488029164315675
0,0.37984302182628304
0,0.08007661246076136
0,0.13516300046240698
0,0.36625573540010264
0,0.6743656079324878
0,0.36659327441785605
0,0.5172680550014955
0,0.2889470086914826
0,0.20112468961442642
0,0.5306710392875138
0,0.17347898586551364
0,0.03158860604676551
0,0.2777138511612905
0,0.6110569590275008
0,0.19640372644122425
0,0.06932124247729872
0,0.1374758605251858
0,0.3830555821918007
0,0.28373940714456775
0,0.5128380362139975
0,0.3186954462095324
0,0.3879887412662068
0,0.8992098785086408
0,0.13482852215178473
0,0.3522829589100788
0,0.7931794337312914
0,0.2770036300687728
0,0.25243004325805496
0,0.2968989873125183
0,0.1975959868114428
0,0.4539668928705183
0,0.29857598322513834
0,0.6265369034534682
0,0.42901802579135107
0,0.3777225704852428
0,0.2448544176293816
0,0.24301372802175947
0,0.041884061461128906
0,0.24827594875868023
0,0.30381264493800375
0,0.21625162153051003
0,0.44516600889353425
0,0.4721795660425814
0,0.25204874915758524
0,0.06790244884992275
0,0.1329925476856974
0,0.04591143991912904
0,0.32126589532505473
0,0.055881901787618544
0,0.14459522759183352
0,0.2901321036790728
0,0.3246831474184668
0,0.16904605090423722
0,0.13527414591220238
0,0.4139735514947159
0,0.11344440759672088
0,0.5498359906580279
0,0.4041972261499894
0,0.09042138189996331
0,0.18371386622166935
0,0.3353092354215658
0,0.12930962546460636
0,0.2134793139926292
0,0.2137076261935636
0,0.13966753318022737
0,0.5857983426585813
0,0.5926506973985579
0,0.4453738202201372
0,0.11018102847171736
0,0.24475369888994336
0,0.84943630483883
0,0.6767619570180733
0,0.26447391616504246
0,0.5193779346913602
0,0.3711269200951816
0,0.29344343127926537
0,0.5503610895016948
0,0.41753015283137906
0,0.7142714694519665
0,0.3322975890718702
0,0.11764325262476558
0,0.34071950938157874
0,0.3256873467344068
0,0.08323124929718367
0,0.09311200363929753
0,0.6996427728043243
0,0.45632895072657403
0,0.4032002830530157
0,0.34958307725222076
0,0.2261244966045684
0,0.2140529487372127
0,0.24976676622643626
0,0.11748985315876456
0,0.46633718311653005
0,0.506328116770812
0,0.1436407258475768
0,0.21406828288880547
0,0.12812742160959853
0,0.379311579125603
0,0.698748221352222
0,0.27948029125992796
0,0.06855107638392288
0,0.0033636165526490596
0,0.32377151783596914
0,0.06779082239580625
0,0.3514123087941399
0,0.009288044824452845
0,0.05547582112085978
0,0.5366117058301735
0,0.2196183650656744
0,0.17454858209891777
0,0.4761749525797453
0,0.20256985016276807
0,0.30191979700612737
0,0.16523785258971346
0,0.07240586211396388
0,0.1383637985995524
0,0.08936931522234955
0,0.29615121022328045
0,0.2711577900909775
0,0.2469111466484432
0,0.47108925431013254
0,0.2837304529784061
0,0.1907382674949067
0,0.21321241764716772
0,0.09155823202514196
0,0.09594269584528631
0,0.3343267910506618
0,0.4425287036298739
0,0.10072434560268302
0,0.5331198564341083
0,0.20673549881864808
0,0.09090579065159023
0,0.2419614487825716
0,0.08887944303116106
0,0.08790122626727792
0,0.14077541291250892
0,0.7861263329239891
0,0.7730821898372235
0,0.21385415914290373
0,0.08594207939819383
0,0.2054434242263114
0,0.20399400414432473
0,0.21117681430251983
0,0.4340076952739485
0,0.17980016803852014
0,0.49576990221802186
0,0.2447131766725514
0,0.01918923506024337
0,0.40874586444757444
0,0.4959898658455158
0,0.27575164770429933
0,0.26143929456314874
0,0.13027224384908073
0,0.1808300464711735
0,0.6769253785650985
0,0.45932708081581763
0,0.215441975870952
0,0.22810958356356834
0,0.1308915879553456
0,0.049656094135341645
0,0.5520668392956153
0,0.16833404183876502
0,0.0287773532607945
0,0.05710836307632305
0,0.07945817448164635
0,0.081917362266977
0,0.26973466419856224
0,0.03944878323106261
0,0.4527141407754563
0,0.12674614987052057
0,0.03530525748958179
0,0.32220119709587525
0,0.22701362155954685
0,0.20713532484142635
0,0.2997614691791228
0,0.33869492737648427
0,0.10053916375785533
0,0.5125412757210521
0,0.06411301072821528
0,0.5601677697516738
0,0.14255873431582738
0,0.23660215446940389
0,0.062335657763622425
0,0.3540766254590378
0,0.08902857721124045
0,0.1052295064285581
0,0.2677049321371036
0,0.12481438205907072
0,0.1695089344151838
0,0.1500194970320452
0,0.2820356214026854
0,0.24868491637760334
0,0.36707253046832666
0,0.43242735288035605
0,0.7135417494716022
0,0.3273335007068777
0,0.44822920512496833
0,0.15114014706468562
0,0.38421021644769693
0,0.33191959680589894
0,0.014105411251911436
0,0.329096911596034
0,0.1772153454732135
0,0.35533292358082585
0,0.04990367228425923
0,0.03901763214221683
0,0.08490607676462261
0,0.17776963400354898
0,0.08553878001385129
0,0.20894050819981091
0,0.19695773367584168
0,0.3003405749238487
0,0.0411452008800589
0,0.07105689499457761
0,0.7321404278739325
0,0.4952988836488964
0,0.5725433138269593
0,0.027195070956817953
0,0.08348505451867938
0,0.26247772974123185
0,0.24644058631773652
0,0.07667274904944262
0,0.14634742047147184
0,0.4763566692036416
0,0.5310738987257144
0,0.4223562051638249
0,0.27508143419168324
0,0.5577604087693732
0,0.09366891374147326
0,0.3573912136100638
0,0.046185217810627684
0,0.4420628630931506
0,0.21224659236237248
0,0.5766007650550807
0,0.17916500948479483
0,0.054057268030650106
0,0.1586900031421963
0,0.05075264129776383
0,0.02564389820466712
0,0.43924497989125094
0,0.37087886942545367
0,0.0608721736348214
0,0.3659795880399021
0,0.1606958492162076
0,0.45444665723960587
0,0.3325466998920009
0,0.34789811424635936
0,0.26434553981548364
0,0.3612869925560248
0,0.41567558648837394
0,0.7047857437438082
0,0.2886530293912654
0,0.2792660866794424
0,0.48646183161229456
0,0.6833400558832322
0,0.4433657240314366
0,0.18659109108768035
0,0.3012371518129504
0,0.4985821651400376
0,0.32131531921783407
0,0.1724482175085375
0,0.11597514872511068
0,0.48648034234079635
0,0.2314823230663889
0,0.15194560617176417
0,0.1469342076439185
0,0.10068378227511654
0,0.3629730178501319
0,0.4307420873343334
0,0.44898915343050644
0,0.07233607407209786
0,0.2739323194726986
0,0.6658406032179034
0,0.1598312743060487
0,0.5768550324262594
0,0.1109109684858591
0,0.1263275243141723
0,0.033788698349333124
0,0.07270681768289264
0,0.07715673176446369
0,0.06629723116271409
0,0.056397268768289176
0,0.4371555617451438
0,0.22891325122855377
0,0.6834008257077799
0,0.3944995617864782
0,0.3118617096710686
0,0.2484053006446397
0,0.3205891449702765
0,0.41416918155422605
0,0.3512887547564032
0,0.6477362820496101
0,0.17276875608953746
0,0.321093513289566
0,0.5722378295885421
0,0.3551263792438315
0,0.6828241516080431
0,0.515380527079435
0,0.4462592611801615
0,0.28492358853134364
0,0.4304135568955939
0,0.7465388540266671
0,0.4130525906213714
0,0.5960333622578795
0,0.7646628778636885
0,0.1156985408088762
0,0.09443419970129574
0,0.25770176628873737
0,0.4176774222394444
0,0.4584032096610504
0,0.08369296151133951
0,0.3062872709687816
0,0.28776133118153263
0,0.38797808944244616
0,0.009045929651320108
0,0.13691983408019218
0,0.3230622696727391
0,0.1785367229502545
0,0.3007547585607423
0,0.3339704673077706
0,0.5163313994565366
0,0.33676238761781396
0,0.0789210331311018
0,0.32262415503229985
0,0.2649042270505599
0,0.5646535881649084
0,0.42671782156984167
0,0.0955107140825554
0,0.6029744938637247
0,0.6200101230675341
0,0.5451166765107159
0,0.19738705131904727
0,0.32087573766189803
0,0.27957627271643987
0,0.29654505688515537
0,0.466405576101415
0,0.1803748584555739
0,0.46485910546505227
0,0.2425796797871627
0,0.12076179638152451
0,0.7876556643836192
0,0.8441095902554915
0,0.2993127075197307
0,0.09631164695818897
0,0.05900390607322774
0,0.33569686371372026
0,0.24192112917612696
0,0.09058764800308544
0,0.41487344403427534
0,0.38253433192535463
0,0.06715762397349927
0,0.2064908646687736
0,0.20198300503052977
0,0.5832903261179354
0,0.12064237201187354
0,0.08175368434836035
0,0.12470894511982573
0,0.3167289809539254
0,0.05433007674616286
0,0.30750749123199744
0,0.5841640542046744
0,0.39619779953178436
0,0.16256515945981265
0,0.188700998436398
0,0.25418088884732176
0,0.768551976834544
0,0.14331471654491557
0,0.5497133268928892
0,0.12460551711949235
0,0.3985188287200657
0,0.4275144574934711
0,0.44948115393717486
0,0.23353587556400224
0,0.21054003328858245
0,0.4137847861124353
0,0.2610776605989684
0,0.5595796501844719
0,0.3659475987801775
0,0.08795093829245909
0,0.851295118219994
0,0.11703080777267595
0,0.18891478513094956
0,0.3582259213937177
0,0.6336824037803721
0,0.24178978050516264
0,0.28384634741833914
0,0.21286279405098207
0,0.6933361631330618
0,0.18483412311072633
0,0.46006180009689956
0,0.6513445374229998
0,0.3105408515129958
0,0.5271888947464185
0,0.13109437280666827
0,0.30877077905252315
0,0.17040291019597312
0,0.14813970338238305
0,0.15694919948258698
0,0.324981247295376
0,0.2282384993715348
0,0.13273112827553696
0,0.43007690180878466
0,0.07904823743512386
0,0.5541733150684136
0,0.5835521846433321
0,0.6835586606537376
0,0.12744156195997733
0,0.28405831312965424
0,0.6265778006991433
0,0.6188988406109308
0,0.06963859105969539
0,0.4809308623205996
0,0.24528647503572504
0,0.368393345994538
0,0.3337195017990785
0,0.330412543058378
0,0.519616344607279
0,0.26790748436960576
0,0.5121491666606218
0,0.3894069761343005
0,0.6748445111445314
0,0.8954563370222345
0,0.4181739690690641
0,0.8814781116208975
0,0.11924519895499115
0,0.3037570049141395
0,0.1980167055628826
0,0.6184398032949225
0,0.41333173648394017
0,0.2707254176212824
0,0.3371703838075036
0,0.4528362218657035
0,0.20288014432062365
0,0.578654343776703
0,0.3220432991463689
0,0.13521069278909928
0,0.5080620357587134
0,0.6736020175925771
0,0.48924667134497174
0,0.2071691115866377
0,0.06614162688007671
0,0.5379499289090516
0,0.3943651300824319
0,0.4735549563449977
0,0.6390820411921225
0,0.4293325209140147
0,0.6148937081691189
0,0.6218398681891952
0,0.7460404021814832
0,0.5916875715507575
0,0.7370012355523493
0,0.2631440888390253
0,0.17846656861481516
0,0.4241978495222612
0,0.38291808544694245
0,0.3466601523045439
0,0.30232814113867473
0,0.3917894566491096
0,0.07000477554995577
0,0.5082205640373147
0,0.8784742745311432
0,0.6095485208274473
0,0.2637410747057873
0,0.23762450608773739
0,0.3033056477309864
0,0.4662835980851648
0,0.23043410928117805
0,0.26664094501998387
0,0.3571695922798532
0,0.8071913783969548
0,0.7194721502335638
0,0.911130594551375
0,0.797406626833181
0,0.5974673200996423
0,0.1531654691073701
0,0.46496915930281685
0,0.6997859719184442
0,0.42141855566789505
0,0.7007056769697517
0,0.5051513986737898
0,0.7862080817133377
0,0.45297687173351425
0,0.34851179964542345
0,0.5130034077751388
0,0.2695111523777572
0,0.24282478791074694
0,0.3381637387553578
0,0.40515326487186065
0,0.5392480456428083
0,0.3996055160385537
0,0.38132878122513025
0,0.5821588558551514
0,0.6967490903205662
0,0.6972719278818611
0,0.4345614091554961
0,0.40479827014974124
0,0.2598290036388021
0,0.21857997489511213
0,0.5558589060799023
0,0.753470944006637
0,0.2958661572240056
0,0.3946250189064492
0,0.7018145412316347
0,0.927831502937186
0,0.17043613088760828
0,0.23987821064815928
0,0.7233251498501232
0,0.7515209812569811
0,0.4552041625264951
0,0.6496047510655604
0,0.4943378653353222
0,0.4449168880211658
0,0.8231943276279627
0,0.8197239631704306
0,0.7534660952832648
0,0.5014166492008165
0,0.30686819928324377
0,0.34264737986854743
0,0.29621407909620356
0,0.25304891953334185
0,0.15663428583437572
0,0.2159674702539125
0,0.2111986260839403
0,0.20575404758803642
0,0.4005076422682136
0,0.7868142437814443
0,0.6093306290622058
0,0.709591798109882
0,0.7393925885637092
0,0.6978720239595934
0,0.3740556778539027
0,0.15726034575349257
0,0.18590195289104125
0,0.4834168778634406
0,0.592112351675834
0,0.36683843683319417
0,0.12537075491176433
0,0.6376352271681496
0,0.4172121972413465
0,0.3652913918756577
0,0.2940457001665972
0,0.30025363379628167
0,0.7392110766378511
0,0.24010846788411935
0,0.30556051889676555
0,0.27441276902763434
0,0.6131667756562881
0,0.26462568161898176
0,0.29049330081497227
0,0.6637211541133251
0,0.5189238089929595
0,0.5804735315909157
0,0.6777531358085006
0,0.8505537829867698
0,0.3294854460911959
0,0.19698138617025407
0,0.6196009328145409
0,0.40421773762754853
0,0.4404249099063452
0,0.6533641757274518
0,0.1716809900638765
0,0.45604413536445293
0,0.3419450675817739
0,0.5301898602612977
0,0.7547084878352024
0,0.7251932722182651
0,0.4355253892573187
0,0.575663167016405
0,0.45663910113380096
0,0.38460031785187937
0,0.7076564018190172
0,0.5575277755456305
0,0.6525009038073434
0,0.6735358491822312
0,0.6131195662887242
0,0.4963682627621828
0,0.15295515672573912
0,0.22372625336019644
0,0.2517514290465042
0,0.3407748628092333
0,0.36435087880782124
0,0.6448714992243314
0,0.7204949349337758
0,0.7002501671793585
0,0.6892312387598948
0,0.8562619236756602
0,0.4432849763676442
0,0.4884155963894049
0,0.6191140966730452
0,0.5806027115445866
0,0.12257376571122365
0,0.5261408268326259
0,0.8208650140605711
0,0.7142452020459811
0,0.7479761245103634
0,0.5692382958855173
0,0.5937432804199269
0,0.4426861704742675
0,0.3460797591506125
0,0.772123779114062
0,0.35067933686502345
0,0.40816379080083254
0,0.18612741641374975
0,0.7555453160877311
0,0.25638396060804475
0,0.6200331298100282
0,0.19294841374117164
0,0.5778245768193155
0,0.68936456243979
0,0.49319872456777414
0,0.7059349164525107
0,0.39900547581746443
0,0.3148141827756001
0,0.4613266720084923
0,0.6598147777308837
0,0.3680287716623282
0,0.3567109585702707
0,0.6350531237652143
0,0.37529584400776006
0,0.5410292634172739
0,0.7237678587035921
0,0.48002996610014337
0,0.7839574682990451
0,0.484717019354389
0,0.5615904952252486
0,0.5557206304382712
0,0.6280504848006827
0,0.6752924164711601
0,0.15019743269816063
0,0.46881604064231075
0,0.3846320462882546
0,0.5724501378087242
0,0.7064898510280884
0,0.5701067748271271
0,0.5902755458592337
0,0.3104000867049779
0,0.6809509560680967
0,0.7419716614196342
0,0.30708123972617657
0,0.3444964991914483
0,0.41598152688552636
0,0.5754774485076584
0,0.7382575203382673
0,0.3596888160263536
0,0.4876997302525592
0,0.3989484027735536
0,0.49971940370775125
0,0.7613029498438382
0,0.5365080581484728
0,0.442824475098734
0,0.7349222492024878
0,0.5961165754580332
0,0.7096822549645962
0,0.09664953876002401
0,0.21329627809641385
0,0.38409848071093355
0,0.5646679931941787
0,0.6248591208201985
0,0.8336370395888253
0,0.7171725714595577
0,0.7790159218837778
0,0.6911803737695424
0,0.5799162075951251
0,0.5420452278493003
0,0.9084899666936159
0,0.6405067614876662
0,0.432467924474094
0,0.2855463760824289
0,0.4984641484392261
0,0.25488875383520254
0,0.5773891368032654
0,0.8046951933152138
0,0.7195992192916367
0,0.5762427735183144
0,0.5421578935526257
0,0.7419279017718253
0,0.790537794786705
0,0.7674484398674988
0,0.263590091614663
0,0.5776090941605065
0,0.6076085981768338
0,0.5209171976792002
0,0.7736910431274805
0,0.6286122616152003
0,0.26124062240682144
0,0.7069893649008757
0,0.4617774736620493
0,0.5334583303773016
0,0.43967743080549515
0,0.6732637496183561
0,0.8461471862951178
0,0.470323012834516
0,0.8921588436515495
0,0.6039899282748009
0,0.8420136484640086
0,0.7827802437552713
0,0.7297164636162543
0,0.524538404054602
0,0.38687433123747633
0,0.8334068460871844
0,0.7494550702126516
0,0.40963786050857415
0,0.37002500619534057
0,0.4996556788335678
0,0.6441931177312381
0,0.3156357015900978
0,0.7370463225611489
0,0.405715018555527
0,0.3001894717997475
0,0.6892254173929458
0,0.5722304538905544
0,0.8239593679318181
0,0.6104054550619817
0,0.5146045302095121
0,0.2700081872961193
0,0.4740036306853008
0,0.8776238999700057
0,0.8221177807970996
0,0.43197427349415973
0,0.6308891896976982
0,0.47269616394659186
0,0.6049438338822457
0,0.36648643830205657
0,0.41055892419541223
0,0.4589749002241914
0,0.8873703767025063
0,0.603009875051452
0,0.26595762056953076
0,0.4557971075039658
0,0.60567128050483
0,0.847065788251441
0,0.4438990054651321
0,0.4241680080439419
0,0.5943058120671871
0,0.8198721890960775
0,0.3406592927267472
0,0.8510172999616299
0,0.5912315653194987
0,0.6242807039845705
0,0.18178425055221767
0,0.5365879232763108
0,0.3442104816613809
0,0.9000006434378035
0,0.41929636370619533
0,0.6263343439189644
0,0.4129225615836458
0,0.49076739119376284
0,0.5015143602047779
0,0.7285434628824009
0,0.6946811256634612
0,0.591481787938181
0,0.35174847934858566
0,0.4118269034375497
0,0.2151190436100583
0,0.7894489473417607
0,0.5001203946440407
0,0.5191919494009527
0,0.8687551574932825
0,0.6620453703192869
0,0.5369441180932789
0,0.21530981800554458
0,0.30910206883889185
0,0.21420115966173603
0,0.2955256892210555
0,0.8119168537588051
0,0.40595110752986696
0,0.36920350446265393
0,0.36026388405680954
0,0.5238528736341288
0,0.32418098777791404
0,0.3736554708008464
0,0.351156951244971
0,0.45016513202550223
0,0.3684216716532902
0,0.7234208528628268
0,0.484799762742097
0,0.6676101147592656
0,0.31814930135170366
0,0.3051138614843359
0,0.3033064269104543
0,0.561324163653774
0,0.7073690552748915
0,0.5117423807119087
0,0.5948252027501427
0,0.2921506091902073
0,0.38106050526541485
0,0.7583821504071562
0,0.7110656254096624
0,0.4673579338774383
0,0.5084889533596544
0,0.23643980681898175
0,0.2550715216512802
0,0.3028785629056679
0,0.24426148279120596
0,0.33255687731228384
0,0.4184053232788307
0,0.34671307601631723
0,0.542242543325808
0,0.7628847097891881
0,0.3320291510457309
0,0.39887262571283966
0,0.3157572265372811
0,0.4742088611506639
0,0.4737279952980402
0,0.2747348410139711
0,0.43435435604630157
0,0.5547245496586172
0,0.6576444810979885
0,0.524465489634716
0,0.5002944757624528
0,0.43958474340424586
0,0.6606474316486994
0,0.32564050169749537
0,0.3925236685414984
0,0.6581030431654168
0,0.15530466818994237
0,0.6444711504639207
0,0.4813468277954319
0,0.36479170983656306
0,0.48205113751321765
0,0.24234384903156558
0,0.3517656247000024
0,0.24550542472158954
0,0.6365019165848567
0,0.4961495573557603
0,0.488969775589368
0,0.6827144523403308
0,0.42177980260005893
0,0.4811925779047085
0,0.24104148770913572
0,0.6483715249253009
0,0.9298993041387993
0,0.6075952201102027
0,0.4010535807525428
0,0.196511871674954
0,0.6800277298103077
0,0.8850985180194175
0,0.6035198902357474
0,0.4938004633018591
0,0.5453081492753294
0,0.23015175325887974
0,0.5038704873703937
0,0.3855721221320662
0,0.562436345247916
0,0.6403462607991272
1,0.1757638571728919
1,0.47624133852701456
1,0.4894405267833187
1,0.26431092633550424
1,0.48471949992807994
1,0.6937766894991887
1,0.7546389617679166
1,0.7645995361130684
1,0.814105741440999
1,0.20966250587540006
1,0.6224418726570278
1,0.7076877488046327
1,0.6469696650760254
1,0.6747257853814697
1,0.7245587187436835
1,0.8318101007073296
1,0.4402716917092382
1,0.33605715305360623
1,0.6748965592495978
1,0.36308285131767976
1,0.874393828204337
1,0.5827380318916782
1,0.8633251419100285
1,0.7656840391867612
1,0.312464011267751
1,0.38754900823639316
1,0.37943358429743174
1,0.7975012998213624
1,0.7827394911203077
1,0.8058917348905048
1,0.5182615077790415
1,0.5522756009864863
1,0.5768977977117614
1,0.6835984312511815
1,0.2379175501604196
1,0.8163356487035366
1,0.7297749511932722
1,0.2999589976152257
1,0.36149041924630493
1,0.6059405652671279
1,0.8189529237265426
1,0.47051841522035565
1,0.7158875537556247
1,0.512678031922042
1,0.7490606783731695
1,0.8111956924292396
1,0.6841838588975151
1,0.7029794556762266
1,0.7989781656063074
1,0.4439419231994494
1,0.6516815713269204
1,0.5227984714425705
1,0.7291886550267567
1,0.2508791672576923
1,0.6071723495012411
1,0.631332918125051
1,0.3412764476956626
1,0.8589924820366805
1,0.6057008863414328
1,0.8090595339499098
1,0.8320781269562803
1,0.7426600441902762
1,0.2469553517883594
1,0.3570480132347422
1,0.5624137022758815
1,0.7365841046819618
1,0.4391919813251041
1,0.87498166466102
1,0.9286195781603149
1,0.6472619772288037
1,0.8820904164466
1,0.4666646208249857
1,0.3773919301053057
1,0.6539080094774731
1,0.4333937754574999
1,0.6894048799639599
1,0.7428168077229973
1,0.8486365411970239
1,0.5298890278801898
1,0.4797854467591903
1,0.3798576752909442
1,0.9016138525218815
1,0.5481210287107492
1,0.6278736047086473
1,0.1581116642437743
1,0.4565002774781094
1,0.37544867357205447
1,0.5168336205214217
1,0.5504565841962523
1,0.7376133683305734
1,0.7527099270730497
1,0.48916508531404246
1,0.9026006227162692
1,0.6900390214244112
1,0.849656754887329
1,0.6098160757948782
1,0.23650436948263578
1,0.6610527282298799
1,0.3882412707838787
1,0.6016652584909836
1,0.9074288408814648
1,0.8381595018075786
1,0.5302057502392598
1,0.8310665204011071
1,0.7538191174588292
1,0.9469348270104265
1,0.7431753759693966
1,0.5529214061887678
1,0.8972340505873495
1,0.7502606035612548
1,0.728492298378536
1,0.2837272374902326
1,0.8450472132600603
1,0.8239218745448275
1,0.5190973999793157
1,0.8188066558854675
1,0.2453473132588419
1,0.39684554268578026
1,0.750574570972409
1,0.694943098019719
1,0.38557043981294176
1,0.7747455936082587
1,0.5298154861832574
1,0.7158871183317229
1,0.6568557805788932
1,0.19212865535600895
1,0.6502381658352413
1,0.7431667754048623
1,0.9067381712643184
1,0.7475780509295301
1,0.8929351847488228
1,0.40756581624302596
1,0.8743119704180932
1,0.9356302538679694
1,0.7653389248607396
1,0.8604882801569991
1,0.8343609435074602
1,0.8839906152529482
1,0.8653948907143088
1,0.7746791265553432
1,0.9197490448452378
1,0.5957512118255478
1,0.44839685849431815
1,0.8266766268594639
1,0.2886056989258884
1,0.7461915103947427
1,0.5089522646989053
1,0.7392379522033954
1,0.8746262612519919
1,0.6067035637529843
1,0.4233999634330783
1,0.7410585474250753
1,0.7751685528355868
1,0.49128288612879983
1,0.5608443830226679
1,0.40178307504025423
1,0.8770793915274853
1,0.4938497364401652
1,0.8269871817848787
1,0.7094962982074979
1,0.6292888183469649
1,0.6596157378635069
1,0.7202982205091106
1,0.7158890849101635
1,0.7025573553984633
1,0.7577443824063287
1,0.6996990932417935
1,0.6549574399366458
1,0.5134934215760132
1,0.6524810393834587
1,0.7441261091866949
1,0.3452045200712104
1,0.6114715827338626
1,0.8754712611297013
1,0.5363800554763843
1,0.5241487252824261
1,0.7011063291247279
1,0.7253614580057138
1,0.956932506071614
1,0.8399911670121495
1,0.7468520434717554
1,0.7373840125308126
1,0.661401609866857
1,0.778709263768779
1,0.3978782217319903
1,0.7807294255316723
1,0.774982281514421
1,0.9207130713970333
1,0.78596747900973
1,0.810425556944531
1,0.6606005567741914
1,0.9391986543764342
1,0.7178139982573343
1,0.9089995599748146
1,0.8088567454204338
1,0.9823206716844894
1,0.5447748661170616
1,0.813800800823693
1,0.13745579519314166
1,0.33646994099681543
1,0.14126130868413192
1,0.22253096108385145
1,0.45337253194242483
1,0.697238926950131
1,0.5238828344410976
1,0.7726029615650727
1,0.45215771091106666
1,0.3258603924620967
1,0.505393535749021
1,0.3755236967351116
1,0.22800502990923796
1,0.09938901542882284
1,0.26634020203399855
1,0.15438669799726487
1,0.5333811103796687
1,0.49872856494509593
1,0.2994914071287495
1,0.11052989108755096
1,0.1729110943919728
1,0.6480439306706698
1,0.5529776954102136
1,0.1786630262636601
1,0.4218332321297848
1,0.5339605858088119
1,0.7361616473764292
1,0.7861750882756311
1,0.8224619817303462
1,0.38781533524478373
1,0.6570510256785294
1,0.5390029042655742
1,0.6466490850663765
1,0.268518986392285
1,0.61454239532736
1,0.2170973319910061
1,0.33998125779540994
1,0.45691823324066033
1,0.6333069653177094
1,0.2793613366856459
1,0.9130527498250629
1,0.6286980611859123
1,0.11735960470185447
1,0.7934952890696386
1,0.6956723771988046
1,0.43218595814234706
1,0.30150330086644955
1,0.30998330750475234
1,0.45896884009975847
1,0.8232474851957028
1,0.47982280871002764
1,0.2876025173219461
1,0.6454531592240313
1,0.4118524708281697
1,0.6174330447930775
1,0.3299054457950942
1,0.28835773550045857
1,0.7759930699734794
1,0.4401979765261608
1,0.3902641671888654
1,0.7672304200527034
1,0.3383583991406151
1,0.6012727121509169
1,0.5141601270350388
1,0.5330908588251533
1,0.5717647386122564
1,0.35798899046845734
1,0.5173426430223423
1,0.68391102085785
1,0.6746702315657981
1,0.15272730693194983
1,0.8446855554333785
1,0.5974821050039564
1,0.9099737182773968
1,0.5655458878654632
1,0.6487703172137264
1,0.13933218613003484
1,0.2904283712240375
1,0.18199055173866074
1,0.3422567534925247
1,0.20560111701249517
1,0.383911037144211
1,0.4439838955123673
1,0.004396830083466431
1,0.20359418831349668
1,0.4647207059592404
1,0.6375403033199355
1,0.13721516029662464
1,0.8975543048704983
1,0.6157950133461579
1,0.6604161584007573
1,0.24350252325277127
1,0.3291308297121811
1,0.35159100654149394
1,0.3350797529520183
1,0.23192549684347324
1,0.47264555717329854
1,0.08398092328775457
1,0.8328794224006918
1,0.2620193022066925
1,0.6654814101598416
1,0.33699842692194076
1,0.1895899369501722
1,0.8662555741774155
1,0.4970679048010042
1,0.7331528666808768
1,0.019434260605476542
1,0.7193667907296414
1,0.9011802169145551
1,0.621449067850082
1,0.072324410716793
1,0.5718523675467473
1,0.6659628412440045
1,0.8482032357384744
1,0.6182025792144068
1,0.7695411489403455
1,0.8029727686339758
1,0.5251080033069484
1,0.2752844330152969
1,0.5830358081841228
1,0.6854360218077421
1,0.8908465677912081
1,0.8013511078806437
1,0.2858569407456529
1,0.3764389765447215
1,0.36209602375954164
1,0.5104281420313244
1,0.26871283997594103
1,0.7876236335695637
1,0.3984529726009672
1,0.5537398611127851
1,0.7705519711199295
1,0.5609882924427911
1,0.4019951176901904
1,0.8084311341068894
1,0.8178938973371125
1,0.7179364352014953
1,0.46571681172930485
1,0.9049675551209229
1,0.8631656008060639
1,0.644806811386668
1,0.1391944596323067
1,0.7432261349339361
1,0.7583880386018677
1,0.5352235510934423
1,0.667146887540321
1,0.17622102803638273
1,0.6554725478923112
1,0.6429910931471505
1,0.7853585096152476
1,0.47719996873106313
1,0.4613076304513533
1,0.356355585146692
1,0.8034904594489214
1,0.4809991155472179
1,0.35293745572858937
1,0.4254010672014952
1,0.7685437840115922
1,0.764794747276604
1,0.8612481552806894
1,0.6994652747201269
1,0.41770524601477765
1,0.4114702055748021
1,0.2320566591501766
1,0.7804875413819714
1,0.8608667728266648
1,0.42912779759141123
1,0.8322348910428556
1,0.6759508145005989
1,0.2597163502693043
1,0.5143516305828189
1,0.6226614906897328
1,0.6794857085711377
1,0.42251228975527166
1,0.7307895191760289
1,0.8030453862673552
1,0.6119808117576654
1,0.8792245865028168
1,0.42485133045155166
1,0.8352304531736107
1,0.3895369620231487
1,0.7347226264075296
1,0.3175622912674911
1,0.43831812958661714
1,0.8101472254414572
1,0.6143206835687938
1,0.8500997032861471
1,0.3219352214476205
1,0.5890059103797903
1,0.8249362021754729
1,0.6975643028781876
1,0.6594682008448413
1,0.8759869327736934
1,0.8895286942236718
1,0.6312837478224606
1,0.546166979864509
1,0.5676190362799287
1,0.48510677369641714
1,0.26676452842568477
1,0.20641674804382112
1,0.46643373568610863
1,0.5293120668038251
1,0.7440235633603463
1,0.3265730944188384
1,0.821234360843036
1,0.6337791538047083
1,0.8040084749119308
1,0.5594616243810588
1,0.679833953311308
1,0.5320496615143959
1,0.1517469090072998
1,0.15680825347837482
1,0.7438075591384967
1,0.2944773004439139
1,0.5455394272108272
1,0.5866431102386588
1,0.58696720550798
1,0.6286425356337099
1,0.533722487918628
1,0.46642366143101394
1,0.6458706017838821
1,0.57802904867055
1,0.24879408097081626
1,0.04262642175231306
1,0.19347667675788882
1,0.4783394661131768
1,0.3762106057011504
1,0.6848344679704482
1,0.40352984829355504
1,0.12375817749419084
1,0.2718397692185215
1,0.24149569407936008
1,0.7822110138908263
1,0.3560207434265419
1,0.28624055840647294
1,0.5274397993026904
1,0.5487035919272537
1,0.207713258234279
1,0.305964670422092
1,0.3453210575239509
1,0.5056799789182786
1,0.2677552937031823
1,0.797711619519977
1,0.11084073093150261
1,0.8815335138296168
1,0.42004791678837305
1,0.8997690224822171
1,0.4621057393261062
1,0.4119212863097072
1,0.2613658442043658
1,0.3970160640767092
1,0.4359270401149003
1,0.6851966287652144
1,0.6557575054812731
1,0.788228992686202
1,0.43869111801733157
1,0.6530948931659172
1,0.6363106746752786
1,0.5533087372564399
1,0.8384488594963105
1,0.6192217021789828
1,0.8418032795533488
1,0.698172297623162
1,0.47831818024960776
1,0.2098199862414743
1,0.4042016294411429
1,0.2463661014032158
1,0.3869153415574341
1,0.8170797043373086
1,0.519506792546231
1,0.23909910035586168
1,0.2610534508017052
1,0.5504221051443187
1,0.16265002123443698
1,0.5626765279109223
1,0.4170981816359495
1,0.3690322994726655
1,0.10342347198207906
1,0.4176025319492711
1,0.16802925682219572
1,0.21566385395998472
1,0.2093972030718179
1,0.8843540041043801
1,0.47532375392733833
1,0.367840058578015
1,0.5669678783879085
1,0.7204751678520279
1,0.4411825913917824
1,0.08832389345370906
1,0.016349188293707344
1,0.2574914580779053
1,0.5827049249706957
1,0.376849331106416
1,0.21733993263605472
1,0.17519081769192202
1,0.3619069945807723
1,0.256714002444825
1,0.8744388000390222
1,0.5576383449716074
1,0.6171542820002165
1,0.7198571068254047
1,0.15678213285420353
1,0.6577214319135125
1,0.529669250150734
1,0.5747209709326733
1,0.5907507412547018
1,0.572580720448088
1,0.33134204985722626
1,0.5606039451260232
1,0.4255411211553832
1,0.649107438438455
1,0.5029875552480136
1,0.8356171658911375
1,0.6150985612491726
1,0.5688990067426938
1,0.06562360230436552
1,0.46505854881744324
1,0.6109618204417065
1,0.5969077372620719
1,0.6823237354751785
1,0.5588333750380646
1,0.2441437018287747
1,0.10260792802702089
1,0.48655557279335077
1,0.2435014424399917
1,0.6361088221628319
1,0.11981732379403084
1,0.24880461184782512
1,0.322841362206947
1,0.4359246385774715
1,0.4153839769487943
1,0.3384305941897033
1,0.7650942866536974
1,0.47796873117688193
1,0.7549782423339143
1,0.5727654796434087
1,0.2478250186897526
1,0.5617444651722251
1,0.5755090417408414
1,0.30258579331277113
1,0.35420239516831725
1,0.19384568756716075
1,0.35343741723045885
1,0.5265076457094572
1,0.7292230638051388
1,0.6458853009196492
1,0.21504781872409964
1,0.46077446038359443
1,0.6274399854632257
1,0.5539825001757528
1,0.3958384876502859
1,0.6373158206421303
1,0.8234581853071016
1,0.3323824553191822
1,0.6272836698294778
1,0.6633538179481389
1,0.6907111615930095
1,0.6420112395482281
1,0.19117729506782702
1,0.5366075869611692
1,0.7614863529284521
1,0.06203308263570124
1,0.21126590485253735
1,0.7729884409127901
1,0.4854121542630641
1,0.4387110208434233
1,0.6013343300494576
1,0.4474896253310642
1,0.16844341022270903
1,0.46067528394624235
1,0.47030294533588124
1,0.6248600021109538
1,0.6602472301879884
1,0.4041597219608923
1,0.3490613960265529
1,0.5611848030093818
1,0.6729202734782892
1,0.8048827098711171
1,0.4840740627580219
1,0.027621088164364534
1,0.008749154734877862
1,0.3551821026221316
1,0.3400233671950029
1,0.6987611451793304
1,0.038332955074119976
1,0.11623509594539128
1,0.6626607664635517
1,0.25643327201462535
1,0.20290976421579066
1,0.2981180933743229
1,0.7465628528658941
1,0.31762620417096576
1,0.15640826471491667
1,0.22596226849634976
1,0.2756240276007454
1,0.37317408773442656
1,0.6412926908278382
1,0.7182436619369915
1,0.2606351014614586
1,0.5514196220177929
1,0.3204161282912649
1,0.3413579586092767
1,0.2736572484130913
1,0.20435823689728025
1,0.6570392646859351
1,0.5199637472032932
1,0.37218472197313207
1,0.4842623135657381
1,0.9087235091042094
1,0.3036912699212331
1,0.0814909305220986
1,0.21949356579759016
1,0.21432013706173256
1,0.4254973522642287
1,0.4872702437984652
1,0.9297693875280063
1,0.8259918814835001
1,0.4530175631488785
1,0.5284187544779541
1,0.22660457193693057
1,0.6154520785247238
1,0.21307757484039908
1,0.49292162427088415
1,0.2915711998292739
1,0.3821292730358901
1,0.363257447857806
1,0.03865841797214638
1,0.6702194840909068
1,0.7596058312246028
1,0.4776497186261664
1,0.31365014098616556
1,0.3599972488534019
1,0.5744466934132212
1,0.8453606960351454
1,0.5355715487671694
1,0.2620922409034815
1,0.262697154191229
1,0.37988240283158975
1,0.06762544446652562
1,0.5844305984530586
1,0.07523815429625802
1,0.08446429830048034
1,0.486288767039815
1,0.3281990479616637
1,0.178465802380648
1,0.322726953421583
1,0.21848773444146274
1,0.6666559403543847
1,0.23946616475940932
1,0.3049383908361102
1,0.26218378090940786
1,0.3134985397783973
1,0.3441696534685062
1,0.503221383618171
1,0.35518309596459374
1,0.22482060128166415
1,0.30729986862305375
1,0.039622289483383706
1,0.6006486366856062
1,0.20337624872753507
1,0.15368588186781473
1,0.06073986100689056
1,0.48440240825862124
1,0.19902126416599653
1,0.3161086778511454
1,0.5227574610037122
1,0.25586113346535483
1,0.4449804374539037
1,0.5171406733180723
1,0.47947186641566925
1,0.2324444387504172
1,0.2750439381104236
1,0.5455559989493051
1,0.5536274828361806
1,0.41781286537699286
1,0.6130206636712596
1,0.2875957525288463
1,0.6397269633589094
1,0.5274942334222842
1,0.1279093845853337
1,0.7525411149035697
1,0.4688198683335292
1,0.6156091459047014
1,0.48174850745502085
1,0.04296909607230144
1,0.30141739874017676
1,0.1809406352780287
1,0.25213308191758693
1,0.6984283514550751
1,0.5836081425368637
1,0.3323351333120736
1,0.25563670130356
1,0.13701560368762228
1,0.8219719213653599
1,0.5746724891955234
1,0.6816152221740787
1,0.023537627814476898
1,0.3130017638440854
1,0.260267046831145
1,0.25790957389298264
1,0.23328136419084725
1,0.30866517908148616
1,0.5495379511225129
1,0.6267905942169679
1,0.8690030602650787
1,0.703775057807912
1,0.619521679181547
1,0.39774459311707266
1,0.5651636412297211
1,0.4065313768839679
1,0.6080388488465606
1,0.38769150685749315
1,0.6610267980929271
1,0.3068439819193887
1,0.19928633474138244
1,0.6273590646641352
1,0.40312617564860515
1,0.11459928303945603
1,0.41734164100415627
1,0.8540016034210104
1,0.1728185885248851
1,0.40698302784787715
1,0.7540836528060731
1,0.5575865899879807
1,0.6419782494933671
1,0.38829178483981164
1,0.5837050421753105
1,0.6866467687277674
1,0.6937903028701575
1,0.7530237763003781
1,0.5064256433897717
1,0.39678707831125726
1,0.5116619699502534
1,0.6182081475165565
1,0.8521926824893555
1,0.1725642800453669
1,0.39371359606710754
1,0.4838784151928444
1,0.2898357555552874
1,0.3259553050816403
1,0.09455417807232931
1,0.7060816302815566
1,0.24458651575366278
1,0.22652168234098977
1,0.20031851136378592
1,0.20750582298655573
1,0.4621388742419605
1,0.4299265326203187
1,0.5332180329972787
1,0.3772816013824631
1,0.7192525630056218
1,0.7520409471490614
1,0.46229175679015444
1,0.45011754696076056
1,0.14577086566206393
1,0.29394457000023805
1,0.03700201304557232
1,0.17320171119307606
1,0.1813242044159306
1,0.17021108173450894
1,0.07027177530207031
1,0.4518692653545233
1,0.26232536773424775
1,0.5971775494153326
1,0.4615513791482397
1,0.31987206143011804
1,0.54547191440722
1,0.4027917512071356
1,0.7137517457369227
1,0.5202658752645957
1,0.8636018396657225
1,0.42201116609548284
1,0.45819797806887136
1,0.6392368799697903
1,0.16607786512038408
1,0.7764735352457285
1,0.6077810151619186
1,0.40880316564123365
1,0.4537266432981865
1,0.43000222883743333
1,0.7658351252980321
1,0.60832201121732
1,0.7388750671024864
1,0.1970902276580656
1,0.15620917290297362
1,0.11140561405366536
1,0.46830054141369654
1,0.6299566909601477
1,0.8461576889349379
1,0.3168407912878148
1,0.5967055656503261
1,0.3842276722275933
1,0.5786252841169328
1,0.034075442291624375
1,0.46799292929255276
1,0.2684113474220169
1,0.4911767256984147
1,0.30508370745107166
1,0.5790769074666027
1,0.5901108655876379
1,0.4010574115307501
1,0.24313175058780034
1,0.65710152550206
1,0.4235005051466222
1,0.692758367440163
1,0.70244054313957
1,0.19780804761761547
1,0.6693585130515441
1,0.5774889208569131
1,0.5825661059811941
1,0.2678119919954383
1,0.5476255463077163
1,0.3746202158480816
1,0.40769920236410445
1,0.680456661860724
1,0.3867243014868055
1,0.7678791784735962
1,0.328684081731519
1,0.10691952368290622
1,0.5911089890044997
1,0.8280833518137629
1,0.42200133676171514
1,0.09659066836784046
1,0.08133947916183021
1,0.4317085290145187
1,0.32434633596796403
1,0.3007817740247648
1,0.4901324385345623
1,0.29242556044447676
1,0.0900566245585499
1,0.48042531215887685
1,0.6986603070173878
1,0.8127622024303317
1,0.11470476600937823
1,0.06403097727470591
1,0.40075620207226026
1,0.5067442875744647
1,0.4200765428150072
1,0.6413348679698433
1,0.7588219469728874
1,0.45451910584193334
1,0.30528499562585026
1,0.1636231095200423
1,0.3389712843825297
1,0.6174171430323642
1,0.4266313979123674
1,0.8307591065576699
1,0.25099830446088367
1,0.5497206784407356
1,0.6781906066552265
1,0.3822296478667255
1,0.6978773680892628
1,0.11296838418700152
1,0.436886248115609
1,0.46154016990805335
1,0.6675680146533822
1,0.594522175518513
1,0.5037284620174655
1,0.7617281326644323
1,0.6853634004132164
1,0.24509378357395525
1,0.885614030976239
1,0.45146823116533075
1,0.36001119773643114
1,0.7236466572127822
1,0.7679771173017076
1,0.9214363123476536
1,0.4121850212112048
1,0.6360832118333787
1,0.8139937378344531
1,0.45891396858222755
1,0.5064312952649
1,0.21640194800268484
1,0.5959945193165149
1,0.2786696768101496
1,0.2062377632426861
1,0.42556109027408134
1,0.36441575085609373
1,0.25864274543443555
1,0.20497967573050715
1,0.7708619148443259
1,0.1250361072621001
1,0.6412906419930373
1,0.6875242418308222
1,0.8447170782340976
1,0.3689555243443713
1,0.6197584153342561
1,0.4730731093446431
1,0.7347147366735736
1,0.4080820181472315
1,0.5334437479355586
1,0.5907467108021355
1,0.4780529317414373
1,0.2945211279986735
1,0.4796177599449512
1,0.6250895370707925
1,0.2576233466608131
1,0.5777726000544542
1,0.6982581470678945
1,0.801678376544343
1,0.8464144833202812
1,0.4355043391574081
1,0.8766835943373686
1,0.246332314153302
1,0.4111253189407835
1,0.39865486264920125
1,0.534919245143471
1,0.5624216229797729
1,0.22655503881972805
1,0.49248800817946736
1,0.515434061338518
1,0.38709350774474677
1,0.666889362062491
1,0.4123136489880327
1,0.1487191914488775
1,0.4141143007230686
1,0.7025855084136383
1,0.5091528908783948
1,0.4066501879726557
1,0.20060501881377615
1,0.8113774918207327
1,0.5653666545336326
1,0.6295475023221015
1,0.8985277377605926
1,0.5085256148911047
1,0.9163441346714049
1,0.926188587407168
1,0.8538727105782014
1,0.7732542061421671
1,0.8138069365280268
1,0.6806114118725486
1,0.5137599283412051
1,0.6123365401511615
1,0.2686794588414799
1,0.39586569339191635
1,0.28943523626122014
1,0.37072267404499143
1,0.07659791579381389
1,0.6660138096179985
1,0.93320682112653
1,0.6832081405184307
1,0.3905666813867294
1,0.47282489405870026
1,0.3204751443577698
1,0.497328635966813
1,0.3894931454972152
1,0.30942304185951497
1,0.42279617559792554
1,0.867030405046703
1,0.9109223509400082
1,0.9212203022161982
1,0.8884486496837568
1,0.7259590406059209
1,0.18720435533941518
1,0.4435662955469229
1,0.7741246378467291
1,0.7265261613376236
1,0.8341374879743813
1,0.4839022442029013
1,0.9011656101495323
1,0.539269825620479
1,0.7460514196421054
1,0.6912482799668253
1,0.6440907062495468
1,0.694276274428637
1,0.5858504132401284
1,0.4662581579534892
1,0.47196314395572764
1,0.5386125425888234
1,0.635706757213745
1,0.7435830568722309
1,0.6496565089405142
1,0.9323638199660124
1,0.6864869778033622
1,0.7270070097260011
1,0.40553332569916983
1,0.4017167023950851
1,0.6399769032239052
1,0.7950380410997999
1,0.4673376821451248
1,0.4188020556190332
1,0.6597192270088407
1,0.9100848263882024
1,0.23169868653069495
1,0.5893804987658433
1,0.8612359416643063
1,0.7248406162034191
1,0.7499268160303668
1,0.43366509700119255
1,0.7106079270381392
1,0.5424649500003993
1,0.8961987038855375
1,0.7477220906190589
1,0.6731122687703825
1,0.567082249146364
1,0.4722779593603493
1,0.7305605483652171
1,0.38859860706421634
1,0.5295008405549814
1,0.4628548392056974
1,0.34061329307981353
1,0.38818026995130805
1,0.2563260228833152
1,0.6577692635543296
1,0.8609783413386614
1,0.7600355645110342
1,0.9362081401871752
1,0.9514950196652942
1,0.6866306643721475
1,0.6074440701891882
1,0.2706189373892833
1,0.6822691038553258
1,0.8491795644953775
1,0.862209210479403
1,0.5557907529927656
1,0.5385079325513187
1,0.7094701948416112
1,0.4650571091801619
1,0.5340603969094738
1,0.3176663416117944
1,0.5340947092242574
1,0.7886612529887775
1,0.4570051847948092
1,0.3963027950145763
1,0.631921682549921
1,0.8208081052843575
1,0.3401130535361804
1,0.6022068468062264
1,0.764477629512882
1,0.7231281736727921
1,0.9341309689803571
1,0.80478512656441
1,0.931735964380486
1,0.5576842808257041
1,0.4883245735265938
1,0.7595843883433625
1,0.5930987960294163
1,0.5235297059692556
1,0.9236141936030327
1,0.4056377437413979
1,0.6505957958476456
1,0.7765258592735073
1,0.7571051798084493
1,0.7585947141065127
1,0.7177471631333817
1,0.5400942331486284
1,0.6617270219341583
1,0.43530483341359943
1,0.528758550547521
1,0.7917164582431284
1,0.6517827310547396
1,0.6422509855946239
1,0.8423042970049938
1,0.8103068048767688
1,0.7690354554870222
1,0.29423563141598374
1,0.7674753642917173
1,0.2599859793978664
1,0.723793664057488
1,0.18659135285652242
1,0.6451449616112378
1,0.7893985370153788
1,0.8835062244537526
1,0.8667776293909925
1,0.9360448115254766
1,0.6422954073557521
1,0.4878230596631261
1,0.7959434361374184
1,0.701855187628142
1,0.4182882330067977
1,0.5795425734113746
1,0.9281915292768608
1,0.8158386308244486
1,0.80757999790229
1,0.7842821186923684
1,0.6402475888825165
1,0.6069770026350632
1,0.4344610914820259
1,0.8540296282573527
1,0.829467752909307
1,0.6205891469934091
1,0.33651280781528986
1,0.8465818358750753
1,0.47423475205188925
1,0.8253970231342206
1,0.6561205501404453
1,0.7854265179112395
1,0.7839013872355018
1,0.60695222723242
1,0.7297356495922385
1,0.6244689279694736
1,0.8592514935976071
1,0.6760579006978978
1,0.8068342035578991
1,0.5103544639266898
1,0.39348438042234685
1,0.7382007088312554
1,0.6106958220821682
1,0.7528218465011552
1,0.8860485658397155
1,0.6274401651424243
1,0.7774141621524379
1,0.7429430344372535
1,0.47846142279287734
1,0.8024947263968941
1,0.6947189566646306
1,0.9299537811705839
1,0.223103920181287
1,0.607414721769553
1,0.4820821567938792
1,0.590505741975944
1,0.8628852073599462
1,0.8590294795609048
1,0.6553561059581458
1,0.5146381270868912
1,0.8180535388812085
1,0.8797588311079372
1,0.6507929973906907
1,0.5551722168573298
1,0.5313993383171078
1,0.7433649810507349
1,0.7445966797636164
1,0.7494944627326492
1,0.7545120839206592
1,0.7479522035170235
1,0.7726693096621697
1,0.7996040927030668
1,0.8741754099495852
1,0.5758772714098743
1,0.7096919047964689
1,0.7097749568305628
1,0.8490568885296735
1,0.14313356183863093
1,0.19331206872419746
1,0.7494353884171961
1,0.7276107532222506
1,0.8176602407774067
1,0.869727395872748
1,0.8534757597245488
1,0.88792530031883
1,0.7327802278104202
1,0.709358154489824
1,0.6623956333647113
1,0.901987071946316
1,0.6526278923402358
1,0.6115558074131408
1,0.5184412043615857
1,0.678433555639645
1,0.3757574401879037
1,0.8339759786202472
1,0.8132339480585868
1,0.7612753004212622
1,0.4799848089346634
1,0.7751294000318988
1,0.929259643376485
1,0.8687105995456297
1,0.8201397658347432
1,0.4425518767309173
1,0.6543934166672614
1,0.6541676527278186
1,0.662570505885528
1,0.8903020955249705
1,0.806865255444726
1,0.7642245309358489
1,0.7725470857414921
1,0.33114665956685485
1,0.7293328148438709
1,0.5198569931130818
1,0.7854866093632316
1,0.9045907539832662
1,0.6465923837435864
1,0.9439434427355103
1,0.818564702856668
1,0.9175264985972804
1,0.8983837982964544
1,0.6735948260924974
1,0.6740794817981209
1,0.5169031266402456
1,0.8876359058720396
1,0.8905338877963339
1,0.7607494580644734
1,0.554357998187979
1,0.5950616828601003
1,0.7972576549888386
1,0.3957605591600133
1,0.8478776783577255
1,0.6060199892778597
1,0.5177302302169875
1,0.7823449037949286
1,0.7280349752077064
1,0.9026828790238897
1,0.8213953324127645
1,0.3978709319464046
1,0.5012744898453702
1,0.5734672100833699
1,0.9797051391773905
1,0.9415702027060784
1,0.7179800595352037
1,0.8632036867168679
1,0.7345563135990385
1,0.6950464465401658
1,0.72334619170336
1,0.6979573909984483
1,0.439075329047972
1,0.9534986228414316
1,0.8413785041101977
1,0.47612960347039257
1,0.6461019215495529
1,0.7177265903886627
1,0.805646182112191
1,0.6720078565418575
1,0.5974692625382189
1,0.7349040581543885
1,0.8924188119900924
1,0.8807013400703407
1,0.9010348873570434
1,0.7006612291378603
1,0.7942274520301333
1,0.3920913440269047
1,0.7637338029206239
1,0.5220085063619145
1,0.9206441057494948
1,0.7574083596863467
1,0.6715457048052126
1,0.7415390339838444
1,0.6658781766248859
1,0.7976461432048643
1,0.8506170559991071
1,0.8802703190351235
1,0.805346497330214
1,0.3704637773714737
1,0.6978897775711623
1,0.6610680009426265
1,0.8542984877024163
1,0.7126215584917293
1,0.7336658649837173
1,0.9536899471687512
1,0.6993051917756694
1,0.4765449749908275
1,0.6318079482008138
1,0.6127495207572582
1,0.27531278294619865
1,0.5642315154908816
1,0.9053814651916632
1,0.5342338972630682
1,0.5024685554578464
1,0.7023882077095975
1,0.6652860741302009
1,0.3228016866793623
1,0.5572339519294711
1,0.7320452684810371
1,0.6376469436318745
1,0.8789367079544443
1,0.6940188908343047
1,0.6114813277557989
1,0.7761527352707541
1,0.4001857372237406
1,0.4721383415900394
1,0.7597945178915284
1,0.7192213752675154
1,0.7687200135646982
1,0.5596389592884065
1,0.697257659346323
1,0.6740011336300971
1,0.8332754580860625
1,0.8852672833432971
1,0.81524728721278
1,0.5351825457570166
1,0.8389820230140494
1,0.33413517347747157
1,0.4470547223389372
1,0.7627054317614496
1,0.5637599228328909
1,0.6024592065893385
1,0.7079454660743077
1,0.7804244082418835
1,0.881994748968048
1,0.8737330166532474
1,0.3702784005564481
1,0.6741651206502423
1,0.4915194685796397
1,0.7787062444376582
1,0.8299424588883451
1,0.4720117947615576
1,0.5043756963068893
1,0.6656072606479592
1,0.8162574642858786
1,0.8009247858346208
1,0.4512642434162408
1,0.6047338110947679
1,0.6779940278288006
1,0.7535563017006085
1,0.5786070431308795
1,0.8200369594877506
1,0.502772505278036
1,0.7205579834547569
1,0.6073653163975081
1,0.7761182990291606
1,0.6140012747952919
1,0.3780443049796794
1,0.42340593608679883
1,0.4011359781015464
1,0.7841374920908011
1,0.7121842382924755
1,0.8215693931854106
1,0.6835204537027711
1,0.46661085104196887
1,0.5805874290019354
1,0.34600607129045796
1,0.6795821974720917
1,0.9581328551471155
1,0.7133063692107441
1,0.5997072421640407
1,0.7622357956360921
1,0.8350197312048524
1,0.9353506690377139
1,0.7274213648967185
1,0.6011169427943981
1,0.7850275027905057
1,0.6173135652212361
1,0.8109874114603157
1,0.8211654754363872
1,0.6528062646705419
1,0.8562183674973448
